Workbook

Sheet 見積書
H1: 発行日：
H2: 見積もり番号：
A4: 御 見 積 書
E6: 御中
B8: 下記の通り、御見積もり申し上げます。
B10: 件名：
B11: 納期：
B12: 支払い条件：
B13: 有効期限：
B15: 合計金額 | C15: =I28 -> 0 | E15: (税抜)
B18: 品名 | F18: 数量（単位） | H18: 単価 | I18: 金額
I19: =F19*H19 -> 0
I20: =F20*H20 -> 0
H28: 小計 | I28: =SUM(I19:I27) -> 0
H29: 消費税 | I29: =I28*0.1 -> 0
H30: 合計 | I30: =I28+I29 -> 0
B32: 備 考

Sheet 発注書
H1: 発注日：
H2: 見積もり番号： | I2: =見積書!I2 -> 0
A4: 発 注 書
B6: 株式会社SonicAI | E6: 御中
B8: 下記の見積もりの通り、発注いたします。 | H8: 会社名： | J8: 印
B10: 件名： | C10: 画像処理検査機SonicAI one | H10: 住所：
B11: 納期： | C11: 2026年1月末日予定
B12: 支払い条件： | C12: 納品後、末締め翌月末支払い（振込）
B15: 合計金額 | C15: =見積書!C15 -> 0 | E15: (税抜)
B18: 品名 | F18: 数量（単位） | H18: 単価 | I18: 金額
B19: =見積書!B19 -> 0 | F19: =見積書!F19 -> 0 | G19: =見積書!G19 -> 0 | H19: =見積書!H19 -> 0 | I19: =見積書!I19 -> 0
B20: =見積書!B20 -> 0 | F20: =見積書!F20 -> 0 | G20: =見積書!G20 -> 0 | H20: =見積書!H20 -> 0 | I20: =見積書!I20 -> 0
B21: =見積書!B21 -> 0 | F21: =見積書!F21 -> 0 | G21: =見積書!G21 -> 0 | H21: =見積書!H21 -> 0 | I21: =見積書!I21 -> 0
B22: =見積書!B22 -> 0 | F22: =見積書!F22 -> 0 | G22: =見積書!G22 -> 0 | H22: =見積書!H22 -> 0 | I22: =見積書!I22 -> 0
B23: =見積書!B23 -> 0 | F23: =見積書!F23 -> 0 | G23: =見積書!G23 -> 0 | H23: =見積書!H23 -> 0 | I23: =見積書!I23 -> 0
B24: =見積書!B24 -> 0 | F24: =見積書!F24 -> 0 | G24: =見積書!G24 -> 0 | H24: =見積書!H24 -> 0 | I24: =見積書!I24 -> 0
B25: =見積書!B25 -> 0 | F25: =見積書!F25 -> 0 | G25: =見積書!G25 -> 0 | H25: =見積書!H25 -> 0 | I25: =見積書!I25 -> 0
B26: =見積書!B26 -> 0 | F26: =見積書!F26 -> 0 | G26: =見積書!G26 -> 0 | H26: =見積書!H26 -> 0 | I26: =見積書!I26 -> 0
B27: =見積書!B27 -> 0 | F27: =見積書!F27 -> 0 | G27: =見積書!G27 -> 0 | H27: =見積書!H27 -> 0 | I27: =見積書!I27 -> 0
H28: 小計 | I28: =SUM(I19:I27) -> 0
H29: 消費税 | I29: =I28*0.1 -> 0
H30: 合計 | I30: =I28+I29 -> 0
B32: 備 考
B33: 納品方法： 弊社指定の配送業者による配送（軒先渡し）となります。 送料：本見積に含みます。 検収条件：製品の納入をもって検収完了（所有権移転）とさせていただきます。 返品・キャンセル： 受注生産品のため、ご発注後のキャンセル・返品はお受けできません。 製品保証に関して： ①無償保証期間： 納品日より2年間とします。 保証範囲（通常運用）: 通常の運用によって故障した場合に限り、無償で修理または交換いたします。 対応方法：対象部品の送付もしくは技術スタッフの派遣により交換 保証の適用除外（有償対応）: 以下の場合は、保証期間内であっても有償対応となります。 ・お客様の故意・過失による破損、落下、水没、改造、分解など。 ・火災、地震、落雷などの天災地変による故障。 ・経年劣化する消耗部品（バッテリー、フィルター等）の交換。 ・指定外の電源電圧や使用環境（高温・多湿等）での使用による故障。 製品の変更: 修理が困難な場合、同等機能を持つ代替品への交換とさせていただく場合がございます。 その他：電源タップ等の配線部材、およびPC等の周辺機器は本見積に含まれません。 今回のみPoC特別値引きを適応します。
